product_id,product_name,filename,status
281,1005BAC,281_1005BAC.jpg,downloaded
440,100m 4 Core ST-ST Drum,440_100m-4-Core-ST-ST-Drum.jpg,downloaded
659,100m Green XLR Drum,659_100m-Green-XLR-Drum.jpg,downloaded
45,10m SMPTE Cable,45_10m-SMPTE-Cable.webp,downloaded
313,11u Flight Case,313_11u-Flight-Case.jpg,downloaded
344,1200 Case (Yellow),344_1200-Case-Yellow.jpg,downloaded
407,12G-AMA,407_12G-AMA.jpg,downloaded
380,12G-Cross,380_12G-Cross.jpg,downloaded
658,150m Green XLR Drum,658_150m-Green-XLR-Drum.jpg,downloaded
487,1664FC Tester,487_1664FC-Tester.jpg,downloaded
665,16A Turtle Distro,665_16A-Turtle-Distro.jpg,downloaded
274,16x16 RF Router XRF1,274_16x16-RF-Router-XRF1.jfif,downloaded
679,180 Degree Directional Antenna,679_180-Degree-Directional-Antenna.jpg,downloaded
409,1CH Analog Input Adapter,409_1CH-Analog-Input-Adapter.jpg,downloaded
614,1TB Extreme Pro Portable SSD,614_1TB-Extreme-Pro-Portable-SSD.jpg,downloaded
465,1U Rack PC,465_1U-Rack-PC.jpg,downloaded
481,1x1 LS,481_1x1-LS.jpg,downloaded
618,200x,618_200x.jpg,downloaded
91,22MK400H,91_22MK400H.jpg,downloaded
642,22MP65HQ-P,642_22MP65HQ-P.jpg,downloaded
92,24MB35PMF,92_24MB35PMF.jpg,downloaded
93,24UD58-B,93_24UD58-B.jpg,downloaded
149,25m SMPTE Cable,149_25m-SMPTE-Cable.webp,downloaded
536,260 G2 Mini,536_260-G2-Mini.jpg,downloaded
644,27MP400P,644_27MP400P.jpg,downloaded
602,2CH AES3 I/O Adapter,602_2CH-AES3-IO-Adapter.jpg,downloaded
579,2U Rackmount PC,,no_photo
482,2U Studio Flyer,482_2U-Studio-Flyer.jpg,downloaded
660,32A 3 Phase Distro,660_32A-3-Phase-Distro.jpg,downloaded
663,32A Single Distro,663_32A-Single-Distro.jpg,downloaded
664,32A Turtle Distro,664_32A-Turtle-Distro.jpg,downloaded
361,32ML600M,361_32ML600M.jpg,downloaded
46,3330-16 Bowl Adapter,46_3330-16-Bowl-Adapter.jpg,downloaded
44,3407-1A Podmount,44_3407-1A-Podmount.jpg,downloaded
705,37u Open Rack,705_37u-Open-Rack.jpg,downloaded
446,3G-AMA,446_3G-AMA.jpg,downloaded
402,3G HDMI to SDI Audio Converter,402_3G-HDMI-to-SDI-Audio-Converter.jpg,downloaded
401,3G SDI to HDMI Audio Converter,401_3G-SDI-to-HDMI-Audio-Converter.jpg,downloaded
498,3I-1209-4B-E,498_3I-1209-4B-E.jpg,downloaded
551,4010N.057 POE,551_4010N.057-POE.png,downloaded
329,4104 Lip Mic,329_4104-Lip-Mic.png,downloaded
125,4+2 Radio Mic/IEM Stagebox (4U),125_42-Radio-MicIEM-Stagebox-4U.jpg,downloaded
777,"43"" Screen Flightcase",,no_photo
94,43UK6200PLA,94_43UK6200PLA.jpg,downloaded
348,4u Stagebox,348_4u-Stagebox.jpg,downloaded
245,501H,245_501H.jpg,downloaded
244,525MVB Tripod,244_525MVB-Tripod.jfif,downloaded
638,55UP77006LB,638_55UP77006LB.jpg,downloaded
169,5601MSC,169_5601MSC.jpg,downloaded
484,560AS Light Kit,484_560AS-Light-Kit.jpg,downloaded
654,5PX 3000,654_5PX-3000.jpg,downloaded
308,5u Flight Case (Br.IO),308_5u-Flight-Case-Br.IO.jpg,downloaded
615,60x,615_60x.jpg,downloaded
661,63A 3 Phase Distro,661_63A-3-Phase-Distro.jpg,downloaded
582,63A Distro,,no_photo
662,63A Single Distro,662_63A-Single-Distro.jpg,downloaded
666,63A Single Distro Box,666_63A-Single-Distro-Box.jpg,downloaded
87,66404,87_66404.jpg,downloaded
559,6u Flight Case,559_6u-Flight-Case.jpg,downloaded
232,7040A,232_7040A.jpg,downloaded
235,750 Head,235_750-Head.jpg,downloaded
456,8010A Studio Monitor Speaker,456_8010A-Studio-Monitor-Speaker.jpg,downloaded
636,8020D Studio Monitor Speaker,636_8020D-Studio-Monitor-Speaker.jpg,downloaded
572,850 EVO 1TB SSD,572_850-EVO-1TB-SSD.jpg,downloaded
571,870 EVO 1TB SSD,571_870-EVO-1TB-SSD.jpg,downloaded
570,870 QVO 1TB SSD,570_870-QVO-1TB-SSD.jpg,downloaded
358,8u Stagebox,358_8u-Stagebox.jpg,downloaded
291,A 1031-U,291_A-1031-U.jpg,downloaded
98,A11,98_A11.png,downloaded
290,A 2003 UHF,290_A-2003-UHF.jpg,downloaded
176,A32pro Dante,176_A32pro-Dante.jpg,downloaded
273,AC Mesh Antenna,273_AC-Mesh-Antenna.jpg,downloaded
296,ADP-AES3-AU-2x2,296_ADP-AES3-AU-2x2.jpg,downloaded
118,Advanced R,118_Advanced-R.jpg,downloaded
631,Aeron,631_Aeron.jpg,downloaded
287,AIO8R,287_AIO8R.jpg,downloaded
741,AJA DRM RACK,,no_photo
760,AJA FS4 R0,760_AJA-FS4-R0.jpeg,downloaded
578,AK-HRP200 RCP,578_AK-HRP200-RCP.jpg,downloaded
288,ALC 161,288_ALC-161.jpg,downloaded
521,AMU2-2MD,521_AMU2-2MD.jpg,downloaded
432,AN-DV-XLR-SM20,432_AN-DV-XLR-SM20.jpg,downloaded
457,Antenna Splitter ASA 1,457_Antenna-Splitter-ASA-1.jpg,downloaded
731,Artist DNxIO,731_Artist-DNxIO.jpg,downloaded
119,ASA 214-UHF,119_ASA-214-UHF.jpg,downloaded
437,Astra 1x1,437_Astra-1x1.jpg,downloaded
99,Astra 6X,99_Astra-6X.jpg,downloaded
703,AT8022,703_AT8022.jpg,downloaded
310,ATEM 1 M/E Broadcast Panel,310_ATEM-1-ME-Broadcast-Panel.jpg,downloaded
311,ATEM 1 M/E Broadcast Panel Flight Case,311_ATEM-1-ME-Broadcast-Panel-Flight-Case.jpg,downloaded
212,ATEM 1 M/E Production Studio 4k,212_ATEM-1-ME-Production-Studio-4k.jpg,downloaded
53,ATEM 2 M/E Advanced Panel,53_ATEM-2-ME-Advanced-Panel.jpg,downloaded
323,ATEM 2 M/E Advanced Panel Flight Case,323_ATEM-2-ME-Advanced-Panel-Flight-Case.jpg,downloaded
66,ATEM 2 M/E Broadcast 4K,66_ATEM-2-ME-Broadcast-4K.jpg,downloaded
57,ATEM Camera Control Panel,57_ATEM-Camera-Control-Panel.jpg,downloaded
476,ATEM Camera Converter,476_ATEM-Camera-Converter.jpg,downloaded
492,ATEM CCU Lite Controller,492_ATEM-CCU-Lite-Controller.jpg,downloaded
213,ATEM Production Studio 4k,213_ATEM-Production-Studio-4k.jpeg,downloaded
54,ATEM SDI Pro ISO,54_ATEM-SDI-Pro-ISO.jpg,downloaded
55,ATEM Streaming Bridge,55_ATEM-Streaming-Bridge.jpg,downloaded
58,ATEM Talkback Converter 4K,58_ATEM-Talkback-Converter-4K.jpg,downloaded
577,ATND971 Unidirectional Condenser,577_ATND971-Unidirectional-Condenser.jpg,downloaded
155,Audio Monitor,155_Audio-Monitor.jpg,downloaded
231,Audio Monitor 12G G3,231_Audio-Monitor-12G-G3.jpg,downloaded
312,Audio Rack (12u),312_Audio-Rack-12u.jpg,downloaded
349,Audio Stagebox (3u),349_Audio-Stagebox-3u.jpg,downloaded
468,AW-HE120,468_AW-HE120.jpg,downloaded
336,AW-HE38HWEJ,336_AW-HE38HWEJ.jpg,downloaded
453,AW-RP120G,453_AW-RP120G.jpg,downloaded
611,B7C,611_B7C.jpg,downloaded
730,Back-UPS CP12036LI,730_Back-UPS-CP12036LI.jpg,downloaded
729,Balance 20X,729_Balance-20X.jpg,downloaded
111,Balance 305,111_Balance-305.png,downloaded
292,Balance 310 Fiber 5G,292_Balance-310-Fiber-5G.jpg,downloaded
362,Balance 310X,362_Balance-310X.jpg,downloaded
687,Balanced Audio Distributor,687_Balanced-Audio-Distributor.jpg,downloaded
370,BBC Mic Fluffy,370_BBC-Mic-Fluffy.png,downloaded
408,Beatrice B2,408_Beatrice-B2.jpg,downloaded
635,Beatrice P1,635_Beatrice-P1.jpg,downloaded
717,Behringer P1,717_Behringer-P1.jpg,downloaded
716,Behringer P2,716_Behringer-P2.jpg,downloaded
50,Behringer X32-R,50_Behringer-X32-R.jpg,downloaded
223,Bella 22 MKII,223_Bella-22-MKII.jpeg,downloaded
605,BH50-P54 Lens,605_BH50-P54-Lens.jpg,downloaded
723,Big Fridge,723_Big-Fridge.jpg,downloaded
505,Blackmagic Atem Mini Pro,505_Blackmagic-Atem-Mini-Pro.jpg,downloaded
328,Blackmagic Camera Peli Case,328_Blackmagic-Camera-Peli-Case.jpg,downloaded
764,Blackmagic DVI Extender,764_Blackmagic-DVI-Extender.jpeg,downloaded
763,Blackmagic SDI to HDMI 6g,763_Blackmagic-SDI-to-HDMI-6g.jpeg,downloaded
497,Blackmagic Web Presenter HD,497_Blackmagic-Web-Presenter-HD.jpg,downloaded
372,Black Plastic Case - SMPTE Backends,372_Black-Plastic-Case---SMPTE-Backends.jpg,downloaded
628,Boom Pole,628_Boom-Pole.png,downloaded
143,Box Lens,143_Box-Lens.png,downloaded
332,Brick Speaker,332_Brick-Speaker.jpg,downloaded
73,BRIC-Link II,73_BRIC-Link-II.png,downloaded
298,BRIC-Link III,298_BRIC-Link-III.jpg,downloaded
513,Briefcase,513_Briefcase.jpg,downloaded
305,Br.IO,305_Br.IO.jpg,downloaded
72,Brio 36,72_Brio-36.jpg,downloaded
80,Broadcast Signal Box,80_Broadcast-Signal-Box.jpg,downloaded
593,BR Remote - uL Head,593_BR-Remote---uL-Head.jpg,downloaded
107,BT-LH1710E,107_BT-LH1710E.jpg,downloaded
470,C2-2255A,470_C2-2255A.jpg,downloaded
637,Calrec Flightcase,637_Calrec-Flightcase.jpg,downloaded
51,Camera Fiber Converter,51_Camera-Fiber-Converter.jpg,downloaded
622,Camera Slider,622_Camera-Slider.jpg,downloaded
527,Cased Media MC111 with POE Injector,527_Cased-Media-MC111-with-POE-Injector.jpg,downloaded
500,Case with V-lok + PSU,500_Case-with-V-lok--PSU.jpg,downloaded
375,CCU Flight Case,375_CCU-Flight-Case.jpg,downloaded
318,CCU Rack (12u),,no_photo
562,CDF450 Antenna,562_CDF450-Antenna.jpg,downloaded
781,CDWM Mux Demux,781_CDWM-Mux-Demux.jpeg,downloaded
700,Cherry Keyboard,700_Cherry-Keyboard.jpg,downloaded
242,CJ14ex4.3B,242_CJ14ex4.3B.jpg,downloaded
526,Clarity M Stereo,526_Clarity-M-Stereo.jpg,downloaded
229,Clip-On 4 Transmitter,229_Clip-On-4-Transmitter.jpeg,downloaded
520,Cloud Gateway Ultra,520_Cloud-Gateway-Ultra.jpg,downloaded
657,CMN91,657_CMN91.jpg,downloaded
473,CO1U Pro USB Studio Condenser Microphone,473_CO1U-Pro-USB-Studio-Condenser-Microphone.jpg,downloaded
755,Combine6,755_Combine6.jpeg,downloaded
335,Commentary Camera Kit,335_Commentary-Camera-Kit.jpg,downloaded
330,Commentary Case,330_Commentary-Case.jpg,downloaded
782,COMM-TATA-RTB DELME,,no_photo
263,Compact Light Stand,263_Compact-Light-Stand.jpg,downloaded
512,Concept 1 (T),512_Concept-1-T.jpg,downloaded
56,Constellation 8K,56_Constellation-8K.jpg,downloaded
629,CoolRac,629_CoolRac.jpg,downloaded
775,Core Rack,,no_photo
222,CP-1000E,222_CP-1000E.jpeg,downloaded
773,CTP systems DEMU10m,773_CTP-systems-DEMU10m.jpeg,downloaded
199,CTP Systems FWD8000,199_CTP-Systems-FWD8000.jpeg,downloaded
214,CTP Systems Prehear 2040,214_CTP-Systems-Prehear-2040.jpg,downloaded
694,CUE-H180 Battery,694_CUE-H180-Battery.jpg,downloaded
594,CV504,594_CV504.jpg,downloaded
588,CWDM & Dante Studio Rack Receive Flight Case,588_CWDM--Dante-Studio-Rack-Receive-Flight-Case.jpg,downloaded
591,CyanView CY-RCP,591_CyanView-CY-RCP.jpg,downloaded
590,CY-C10,590_CY-C10.jpg,downloaded
569,DA100D,569_DA100D.jpg,downloaded
428,DAC-70 Up/Down Cross Converter,428_DAC-70-UpDown-Cross-Converter.jpg,downloaded
351,Dante RTB Stagebox (2u),351_Dante-RTB-Stagebox-2u.jpg,downloaded
768,Dante Tight,,no_photo
84,DARK8MAI MKII,84_DARK8MAI-MKII.jpeg,downloaded
75,dBbox3,75_dBbox3.jpg,downloaded
480,DC3217IYE NUC,480_DC3217IYE-NUC.jpg,downloaded
464,DC7 Power Supply,464_DC7-Power-Supply.jpg,downloaded
573,DCBGSB-203255 Downconverter,573_DCBGSB-203255-Downconverter.jpg,downloaded
477,DCP 1116,477_DCP-1116.jpg,downloaded
471,Decoder DC230,471_Decoder-DC230.png,downloaded
322,Densite 3+ FR1,322_Densite-3-FR1.jpg,downloaded
171,Densité 3 Frame,171_Densité-3-Frame.jpeg,downloaded
106,Densite Mini3,106_Densite-Mini3.jpg,downloaded
28,Design URSA Viewfinder,28_Design-URSA-Viewfinder.jpg,downloaded
598,Desk Lamp,598_Desk-Lamp.png,downloaded
767,Digico SD12,,no_photo
410,DIO09,410_DIO09.jpg,downloaded
128,DIO10,128_DIO10.jpg,downloaded
168,DIO20,168_DIO20.jpg,downloaded
352,DIO 2x2,352_DIO-2x2.jpg,downloaded
756,Distro9 HDR,756_Distro9-HDR.jpeg,downloaded
509,Diversity Fin,509_Diversity-Fin.jpg,downloaded
261,Divine,261_Divine.jpeg,downloaded
634,DKP-4016,634_DKP-4016.jpg,downloaded
426,Dmon-4S,426_Dmon-4S.jpg,downloaded
363,Dmon-6S,363_Dmon-6S.jpg,downloaded
379,Dmon-Quad,379_Dmon-Quad.jpg,downloaded
549,Double XL LCD case,549_Double-XL-LCD-case.jpg,downloaded
567,DS-D5022FC,567_DS-D5022FC.jpg,downloaded
632,DT-E21L4,632_DT-E21L4.jpg,downloaded
633,DT-R24L41D,633_DT-R24L41D.jpg,downloaded
686,DT-V17G1,686_DT-V17G1.jpg,downloaded
90,DT-V17L3R,90_DT-V17L3R.png,downloaded
197,DT-V24G1,197_DT-V24G1.jpg,downloaded
501,Dual Monitor Bag,501_Dual-Monitor-Bag.jpg,downloaded
354,Dual RTB Stagebox (3u),354_Dual-RTB-Stagebox-3u.jpg,downloaded
533,E523,533_E523.jpg,downloaded
692,ECM8000,692_ECM8000.jpg,downloaded
724,Edit Van,724_Edit-Van.jpg,downloaded
607,EK 100 Diversity Receiver,607_EK-100-Diversity-Receiver.jpg,downloaded
609,EK 100 G4 Diversity Receiver,609_EK-100-G4-Diversity-Receiver.jpg,downloaded
120,EK IEM G4,120_EK-IEM-G4.jpg,downloaded
121,EM 300-500 G4,121_EM-300-500-G4.jpg,downloaded
355,EM 300 G3,355_EM-300-G3.jpg,downloaded
373,em9600 Kit,373_em9600-Kit.jpeg,downloaded
294,EMO E617 Power Distribution,294_EMO-E617-Power-Distribution.jpg,downloaded
489,ES-450 Universal Remote,489_ES-450-Universal-Remote.jpg,downloaded
490,ES-SloMo,490_ES-SloMo.jpg,downloaded
411,ETH-GPI Dual,411_ETH-GPI-Dual.jpg,downloaded
439,Etihad West Reception Case,439_Etihad-West-Reception-Case.jpg,downloaded
783,Euro Case Black - Comms,,no_photo
776,Euro case Blue - Cabin,,no_photo
784,Euro case green - Mix Zone,,no_photo
791,Euro Case Red - Misc,,no_photo
494,Evertz 7800FR-QT,494_Evertz-7800FR-QT.jpg,downloaded
495,Evertz 7867vipa8-duo-3g,495_Evertz-7867vipa8-duo-3g.jpg,downloaded
772,Evertz Quartz CP2272e,772_Evertz-Quartz-CP2272e.jpeg,downloaded
491,Evertz Xenon - xe4-x-fr,491_Evertz-Xenon---xe4-x-fr.jpg,downloaded
324,EVS Flight Case,,no_photo
283,EW300 IEM G3,283_EW300-IEM-G3.jpg,downloaded
792,Explorer 1000+,792_Explorer-1000.png,downloaded
225,Express IP Mini,225_Express-IP-Mini.jpeg,downloaded
226,Express IP Mini X,226_Express-IP-Mini-X.jpeg,downloaded
761,Extron HDMI DA2,761_Extron-HDMI-DA2.jpeg,downloaded
762,Extron P/2 DA2xi,762_Extron-P2-DA2xi.jpeg,downloaded
430,EZ-SP14HS,430_EZ-SP14HS.jpg,downloaded
88,F0W81AA,88_F0W81AA.jpeg,downloaded
461,FBI-SM 1310-SC,461_FBI-SM-1310-SC.jpg,downloaded
458,FC-331,458_FC-331.jpg,downloaded
735,FCT-FC & FCT-FCLB SMPTE Cable Checker,735_FCT-FC--FCT-FCLB-SMPTE-Cable-Checker.jpg,downloaded
374,Fiber to Dante 2+2,,no_photo
376,FIBER TO NETWORK & SDI CASE,376_FIBER-TO-NETWORK--SDI-CASE.jpg,downloaded
449,FiDO-2T,449_FiDO-2T.jpg,downloaded
434,FiDO-4T-ST,434_FiDO-4T-ST.jpg,downloaded
450,FiDO-T,450_FiDO-T.jpg,downloaded
452,FiDO-TR,452_FiDO-TR.jpg,downloaded
451,FiDO-T-ST,451_FiDO-T-ST.jpg,downloaded
259,Fixture Cover,259_Fixture-Cover.jpg,downloaded
389,Flat Screen Storage Bag,389_Flat-Screen-Storage-Bag.jpg,downloaded
475,Flex 4K Out,475_Flex-4K-Out.png,downloaded
117,flowtech 75,117_flowtech-75.jpg,downloaded
26,Focus Demand,26_Focus-Demand.jpg,downloaded
21,FPD-400D,21_FPD-400D.jpg,downloaded
523,FR-684 -ANALOG VIDEO,523_FR-684--ANALOG-VIDEO.jpg,downloaded
580,FS1,580_FS1.png,downloaded
43,FSB10,43_FSB10.jpg,downloaded
33,FSD-11,33_FSD-11.jpg,downloaded
47,Gantry FX Mic Kit,47_Gantry-FX-Mic-Kit.jpg,downloaded
424,GEN10,424_GEN10.jpg,downloaded
757,Genelec 8030C,757_Genelec-8030C.jpeg,downloaded
368,Generator Trailer,368_Generator-Trailer.jpg,downloaded
693,Gigabeam LR,693_Gigabeam-LR.jpg,downloaded
153,Glensound GS-MPI005,153_Glensound-GS-MPI005.jpg,downloaded
86,Glensound R8 mkll,86_Glensound-R8-mkll.jpeg,downloaded
60,GPI and Tally Interface,60_GPI-and-Tally-Interface.jpg,downloaded
691,GPOE204,691_GPOE204.jpg,downloaded
789,Green Camera Bag,,no_photo
320,Grey Peli 1600 Case,320_Grey-Peli-1600-Case.jpg,downloaded
412,GS108LP,412_GS108LP.jpg,downloaded
736,GS305P,736_GS305P.jpg,downloaded
510,GS724T,510_GS724T.jpg,downloaded
246,GSP 302,246_GSP-302.jpg,downloaded
743,GV HDX PLUS,743_GV-HDX-PLUS.jpeg,downloaded
742,GV SHED-BS,742_GV-SHED-BS.jpeg,downloaded
339,HA5-Fiber,339_HA5-Fiber.jpg,downloaded
710,HD 25,710_HD-25.jpg,downloaded
157,HD 25 Light,157_HD-25-Light.jpg,downloaded
325,HDA-1911,325_HDA-1911.png,downloaded
429,HDA 1x2S4K,429_HDA-1x2S4K.jpg,downloaded
787,HDC 3100 Camera,787_HDC-3100-Camera.jpeg,downloaded
778,HDCU - 3100,778_HDCU---3100.jpeg,downloaded
584,HE4000,584_HE4000.jpg,downloaded
319,Heavy Duty Flight Case (12u),319_Heavy-Duty-Flight-Case-12u.png,downloaded
620,Hero 11 Black Mini,620_Hero-11-Black-Mini.jpg,downloaded
108,H-ES12060,108_H-ES12060.jpg,downloaded
109,H-HSA12035,109_H-HSA12035.jpg,downloaded
425,Hi5-Fiber,425_Hi5-Fiber.jpg,downloaded
16,HJ14ex4.3B IRSE,16_HJ14ex4.3B-IRSE.png,downloaded
278,HMD 26-II-600-X3K1,278_HMD-26-II-600-X3K1.png,downloaded
557,HP Pavilion Laptop,,no_photo
711,HX-P21 (USB Power Hub),711_HX-P21-USB-Power-Hub.jpg,downloaded
641,Hyperdeck Studio 12G,641_Hyperdeck-Studio-12G.jpg,downloaded
463,HyperDeck Studio 4K Pro,463_HyperDeck-Studio-4K-Pro.jpg,downloaded
208,Hyperdeck Studio Mini,208_Hyperdeck-Studio-Mini.jpg,downloaded
67,HyperDeck Studio Pro 2,67_HyperDeck-Studio-Pro-2.png,downloaded
745,IDX VL-4S,,no_photo
257,IEC Cable,257_IEC-Cable.jpg,downloaded
758,IMC-1F1T,758_IMC-1F1T.jpeg,downloaded
702,IMC-GA1F1T,702_IMC-GA1F1T.jpg,downloaded
535,iPad,535_iPad.jpg,downloaded
565,IPEPS-Plus,565_IPEPS-Plus.jpg,downloaded
508,IPx2,508_IPx2.jpg,downloaded
680,J11ax4.5B,680_J11ax4.5B.jpg,downloaded
681,J11ex4.5B,681_J11ex4.5B.jpg,downloaded
699,Kaleido MX - 24X2,699_Kaleido-MX---24X2.png,downloaded
715,Kettle,715_Kettle.jpg,downloaded
30,KJ17ex7.7B IASE 2S,30_KJ17ex7.7B-IASE-2S.jpg,downloaded
161,KP4016,161_KP4016.png,downloaded
190,KP5032,190_KP5032.png,downloaded
114,Kraken X Headset,114_Kraken-X-Headset.jpg,downloaded
645,Kumo 3232,645_Kumo-3232.jpg,downloaded
152,Kumo 6464,152_Kumo-6464.jpg,downloaded
151,Kumo-CP2,151_Kumo-CP2.png,downloaded
258,Kumo PSU,258_Kumo-PSU.jpg,downloaded
672,KVM Switch 4 Port,672_KVM-Switch-4-Port.jpg,downloaded
230,L3421 Antenna,,no_photo
24,LA16x8BRM-XB1A,24_LA16x8BRM-XB1A.jpg,downloaded
682,LaCie (4TB),682_LaCie-4TB.jpeg,downloaded
625,Lantern,625_Lantern.jpg,downloaded
321,Large Black SKB Case,321_Large-Black-SKB-Case.jpg,downloaded
514,Large CP Case,514_Large-CP-Case.jpg,downloaded
599,Large Studio Desk,599_Large-Studio-Desk.png,downloaded
185,LCD G2460PF,185_LCD-G2460PF.jpg,downloaded
627,Light Box 30120,627_Light-Box-30120.jpg,downloaded
626,Lighting Umbrella,626_Lighting-Umbrella.jpg,downloaded
250,Lightshow Case,250_Lightshow-Case.jpg,downloaded
740,Light Weight UNI COL Stand,,no_photo
262,Litepanel Kit,262_Litepanel-Kit.png,downloaded
651,Lite POE 8,651_Lite-POE-8.jpg,downloaded
708,Lithium ION Power Station,708_Lithium-ION-Power-Station.jpg,downloaded
701,Logitech Mouse,701_Logitech-Mouse.jpg,downloaded
649,LPS II - 2000,649_LPS-II---2000.jpg,downloaded
357,LPS II - 3000,357_LPS-II---3000.jpg,downloaded
444,LSM - RCU-XT,444_LSM---RCU-XT.jpg,downloaded
293,LV 5770A,293_LV-5770A.jpg,downloaded
530,LVM-095W-N2,530_LVM-095W-N2.jpg,downloaded
95,LX10 Head,95_LX10-Head.jpg,downloaded
206,M32C,206_M32C.jpg,downloaded
718,M58n,718_M58n.jpg,downloaded
49,Mac Mini,49_Mac-Mini.jpeg,downloaded
560,Magic Arms,560_Magic-Arms.jpg,downloaded
417,MC110CS Fast Ethernet Media Converter,417_MC110CS-Fast-Ethernet-Media-Converter.jpg,downloaded
405,MC111CS WDM Fast Ethernet Media Converter,405_MC111CS-WDM-Fast-Ethernet-Media-Converter.jpg,downloaded
404,MC112CS WDM Fast Ethernet Media Converter,404_MC112CS-WDM-Fast-Ethernet-Media-Converter.jpg,downloaded
418,MC210CS Gigabit Media Converter,418_MC210CS-Gigabit-Media-Converter.jpg,downloaded
414,MC220L Gigabit Ethernet Media Converter,414_MC220L-Gigabit-Ethernet-Media-Converter.jpg,downloaded
610,MC 4 - Light Travel Kit,610_MC-4---Light-Travel-Kit.jpg,downloaded
538,MC-DMON-9S,538_MC-DMON-9S.jpg,downloaded
544,MC-DMON-QUAD,544_MC-DMON-QUAD.png,downloaded
279,MD46,279_MD46.jpg,downloaded
297,MD-Cross V2,297_MD-Cross-V2.jpg,downloaded
184,MDU,184_MDU.jpg,downloaded
183,MDU12-16A,183_MDU12-16A.jpg,downloaded
201,MDU12 -32A,201_MDU12--32A.jpg,downloaded
496,MDU 16AMP - 14 IEC OUTPUT,496_MDU-16AMP---14-IEC-OUTPUT.jpg,downloaded
566,ME36 Mic & MZH 3105 Kit,566_ME36-Mic--MZH-3105-Kit.jpg,downloaded
105,Medialooks Server,105_Medialooks-Server.png,downloaded
486,MG06 Mixing Console,486_MG06-Mixing-Console.jpg,downloaded
211,MG12 Mixing Console,211_MG12-Mixing-Console.jpg,downloaded
384,Micro Converter BiDirectonal SDI/HDMI,384_Micro-Converter-BiDirectonal-SDIHDMI.jpg,downloaded
68,Micro Converter HDMI to SDI (Not 3G),68_Micro-Converter-HDMI-to-SDI-Not-3G.jpg,downloaded
196,Micro Converter SDI to HDMI 3G PSU,196_Micro-Converter-SDI-to-HDMI-3G-PSU.jpeg,downloaded
397,Micro Converter SDI to HDMI (Not 3G),397_Micro-Converter-SDI-to-HDMI-Not-3G.jpg,downloaded
413,Micro Conveter HDMI to SDI 3G,413_Micro-Conveter-HDMI-to-SDI-3G.jpg,downloaded
61,Micro Studio Camera 4K,61_Micro-Studio-Camera-4K.jpg,downloaded
722,Microwave Oven,722_Microwave-Oven.jpg,downloaded
441,Mini Camera,441_Mini-Camera.png,downloaded
524,Mini Camera Kit,524_Mini-Camera-Kit.jpg,downloaded
391,Mini Converter Analog to SDI,391_Mini-Converter-Analog-to-SDI.jpg,downloaded
388,Mini Converter Audio to SDI,388_Mini-Converter-Audio-to-SDI.jpg,downloaded
399,Mini Converter HDMI to SDI (Not 3G),399_Mini-Converter-HDMI-to-SDI-Not-3G.jpg,downloaded
59,Mini Converter Optical Fiber 12G,59_Mini-Converter-Optical-Fiber-12G.jpg,downloaded
387,Mini Converter Optical Fiber 4k,387_Mini-Converter-Optical-Fiber-4k.jpg,downloaded
383,Mini Converter Optical Fiber (Not 12G),383_Mini-Converter-Optical-Fiber-Not-12G.jpg,downloaded
386,Mini Converter SDI Distribution 4k,386_Mini-Converter-SDI-Distribution-4k.jpg,downloaded
393,Mini Converter SDI to Analog,393_Mini-Converter-SDI-to-Analog.jpg,downloaded
390,Mini Converter SDI to Audio,390_Mini-Converter-SDI-to-Audio.jpg,downloaded
400,Mini Converter SDI to HDMI 6G,400_Mini-Converter-SDI-to-HDMI-6G.jpg,downloaded
398,Mini Converter SDI to HDMI (Not 3G),398_Mini-Converter-SDI-to-HDMI-Not-3G.jpg,downloaded
427,Mini Converter - UpDownCross,427_Mini-Converter---UpDownCross.jpg,downloaded
382,Mini Converter - UpDownCross HD,382_Mini-Converter---UpDownCross-HD.jpg,downloaded
643,Mini PC,643_Mini-PC.jpg,downloaded
785,Mix Zone Peli Case,,no_photo
295,MK Compact ACN-BK,295_MK-Compact-ACN-BK.jpg,downloaded
529,MKH 416 P48,529_MKH-416-P48.jpg,downloaded
532,MKH 70 P48,532_MKH-70-P48.jpg,downloaded
307,MKH 8070,307_MKH-8070.jpg,downloaded
652,M-LYNX 702W,652_M-LYNX-702W.jpg,downloaded
419,MMC-GASFP,419_MMC-GASFP.jpg,downloaded
517,Mobile Router,517_Mobile-Router.jpg,downloaded
630,Mobility 42G,630_Mobility-42G.jpg,downloaded
360,Monitor Flight Case,,no_photo
193,MPA1-SOLO-SDI,193_MPA1-SOLO-SDI.jpg,downloaded
720,Multiple Charger,720_Multiple-Charger.jpg,downloaded
619,MultiTrack Field Recorder F6,619_MultiTrack-Field-Recorder-F6.jpg,downloaded
210,Multiview 4,210_Multiview-4.jpg,downloaded
314,MZD-88,314_MZD-88.jpg,downloaded
747,NA-2I2O-DLINE,,no_photo
739,NA-2I2O-DLINE-PRO,739_NA-2I2O-DLINE-PRO.jpeg,downloaded
249,NA2-IO-DPRO,249_NA2-IO-DPRO.jpg,downloaded
81,Nano 4-CH Charger,81_Nano-4-CH-Charger.jpg,downloaded
82,Nano One,82_Nano-One.jpg,downloaded
83,Nano Two,83_Nano-Two.jpg,downloaded
333,Nanuk 905 Box,333_Nanuk-905-Box.jpg,downloaded
550,Network  Switch,550_Network--Switch.jpg,downloaded
719,Nexedge NX-220,719_Nexedge-NX-220.jpg,downloaded
343,NTG1,343_NTG1.jpg,downloaded
554,NTG2,554_NTG2.jpg,downloaded
528,NTG3B,528_NTG3B.jpg,downloaded
112,OBM-U170,112_OBM-U170.jpg,downloaded
162,ODIN,162_ODIN.png,downloaded
721,Offroad Cart,721_Offroad-Cart.jpg,downloaded
537,OG-4K2HD,537_OG-4K2HD.jpg,downloaded
695,OG-DANTE-12GAM,695_OG-DANTE-12GAM.jpg,downloaded
697,OG-FIDO-2R,697_OG-FIDO-2R.jpg,downloaded
541,OG-FIDO-2T,541_OG-FIDO-2T.png,downloaded
779,OG-FIDO-TR-12G,,no_photo
683,Olson 8 Way 13A PDU,683_Olson-8-Way-13A-PDU.jpg,downloaded
195,OMS,195_OMS.jpeg,downloaded
172,Opengear 3.0,172_Opengear-3.0.jpg,downloaded
798,Opengear 9910DA-2-3G,798_Opengear-9910DA-2-3G.jpeg,downloaded
799,Opengear AJA 0G-3GDA-2X4,799_Opengear-AJA-0G-3GDA-2X4.jpeg,downloaded
770,Opengear Converter,770_Opengear-Converter.jpg,downloaded
540,openGear Converter Fiber to SDI,540_openGear-Converter-Fiber-to-SDI.jpg,downloaded
800,Opengear  converter HDMI to SDI,800_Opengear--converter-HDMI-to-SDI.jpeg,downloaded
771,Opengear Converter Optical Fiber,771_Opengear-Converter-Optical-Fiber.jpg,downloaded
793,Opengear converter SDI Distribution,793_Opengear-converter-SDI-Distribution.jpeg,downloaded
795,Opengear Converter SDI to Audio converter,795_Opengear-Converter-SDI-to-Audio-converter.jpeg,downloaded
581,Opengear DFR 8321,581_Opengear-DFR-8321.jpg,downloaded
801,Opengear OG-Fiber--SR,801_Opengear-OG-Fiber--SR.jpeg,downloaded
173,Opengear OG-X-FR,173_Opengear-OG-X-FR.jpeg,downloaded
543,openGear SDI DA,543_openGear-SDI-DA.JPG,downloaded
539,openGear SDI > HDMI,539_openGear-SDI--HDMI.jpg,downloaded
794,Opengear SFS-8622-A,794_Opengear-SFS-8622-A.jpeg,downloaded
673,Opengear Sync Generator,673_Opengear-Sync-Generator.jpg,downloaded
796,Opengear UDA-8705A,796_Opengear-UDA-8705A.jpeg,downloaded
542,openGear UpDownCross,542_openGear-UpDownCross.jpg,downloaded
797,Opengear VEA-8707A,797_Opengear-VEA-8707A.jpeg,downloaded
576,Opticalcon NAO4SW-A,576_Opticalcon-NAO4SW-A.jpg,downloaded
556,Opti Quad to 4 ST cable,,no_photo
752,Optix 1 S3,752_Optix-1-S3.jpeg,downloaded
753,Optix S3,753_Optix-S3.jpeg,downloaded
493,Opto Switcher,493_Opto-Switcher.jpg,downloaded
238,Osprey+,238_Osprey.jpg,downloaded
239,P110B,239_P110B.png,downloaded
77,P2414HB,77_P2414HB.jpg,downloaded
78,P2417HB,78_P2417HB.jpg,downloaded
676,P6000s,676_P6000s.jpg,downloaded
205,PD6 Power Center,205_PD6-Power-Center.jpg,downloaded
518,PDU,518_PDU.jpg,downloaded
110,PDU01-14,110_PDU01-14.Jpg,downloaded
371,Peli 1600 Blackmagic RCP Case,,no_photo
688,Peli Air 1535 Case,688_Peli-Air-1535-Case.jpg,downloaded
341,Pitch Mic Peli Case,,no_photo
558,Pitch Mic Stands,,no_photo
204,PIX270i,204_PIX270i.jpeg,downloaded
499,PL2738M,,no_photo
203,PL-PRO DMC E,203_PL-PRO-DMC-E.jpg,downloaded
568,PLT1700,568_PLT1700.jpg,downloaded
207,PM302,207_PM302.jpg,downloaded
337,PMC-1F1T,337_PMC-1F1T.jpeg,downloaded
224,PMSDI-08,,no_photo
62,Pocket Cinema Camera 4K,62_Pocket-Cinema-Camera-4K.jpg,downloaded
713,Power Port 5,713_Power-Port-5.jpg,downloaded
712,Power Port 6,712_Power-Port-6.jpg,downloaded
802,Power Supply,,no_photo
503,Pres Monitor Kit Bag,503_Pres-Monitor-Kit-Bag.jpg,downloaded
179,Pro 48 PoE,179_Pro-48-PoE.jpg,downloaded
447,Pro Convert SDI to NDI,447_Pro-Convert-SDI-to-NDI.jpg,downloaded
315,Production Flight Case with Table,315_Production-Flight-Case-with-Table.jpg,downloaded
366,Production Vehicle,366_Production-Vehicle.jpg,downloaded
359,Pro Mini 400 G9,359_Pro-Mini-400-G9.jpg,downloaded
422,ProSafe GS105,422_ProSafe-GS105.jpg,downloaded
421,ProSafe GS110TP,421_ProSafe-GS110TP.jpg,downloaded
177,Prosafe GS728TP,177_Prosafe-GS728TP.jpg,downloaded
178,Prosafe GS728TPP,178_Prosafe-GS728TPP.jpg,downloaded
617,PT2c,617_PT2c.jpg,downloaded
621,PT4c,621_PT4c.png,downloaded
340,PTZ Wiz,340_PTZ-Wiz.jpg,downloaded
655,PVM215A,655_PVM215A.jpg,downloaded
186,PVM 2541A,186_PVM-2541A.jpeg,downloaded
639,QE32Q50AAU,639_QE32Q50AAU.jpg,downloaded
667,QL1,667_QL1.jpg,downloaded
316,QL1 Flight Case,316_QL1-Flight-Case.jpg,downloaded
442,QuattroPod Lite + RX,442_QuattroPod-Lite--RX.jpg,downloaded
714,Quest Grill,714_Quest-Grill.jpg,downloaded
85,R4,85_R4.jpeg,downloaded
746,Rack Sleeve,,no_photo
126,Radio Mic Antenna Kit A,126_Radio-Mic-Antenna-Kit-A.jpg,downloaded
507,Radio Mic Antenna Kit B,507_Radio-Mic-Antenna-Kit-B.jpg,downloaded
506,Radio Mic Antenna Kit C,506_Radio-Mic-Antenna-Kit-C.jpg,downloaded
127,Radio Mic & IEM Kit A,127_Radio-Mic--IEM-Kit-A.png,downloaded
309,Radio Mic & IEM Kit B,309_Radio-Mic--IEM-Kit-B.png,downloaded
116,RailDolly Pro Traveller Kit,116_RailDolly-Pro-Traveller-Kit.jpg,downloaded
552,Raspberry Pi NTP Server (1U),,no_photo
460,RCP 1112,460_RCP-1112.jpg,downloaded
788,RCP 3500,788_RCP-3500.jpeg,downloaded
669,RCU-VIA,669_RCU-VIA.jpg,downloaded
280,RE50,280_RE50.png,downloaded
166,Redbox RB-DA6,166_Redbox-RB-DA6.jpg,downloaded
587,Remote Commentary Kit Case,587_Remote-Commentary-Kit-Case.jpg,downloaded
574,RF Antenna,574_RF-Antenna.jpg,downloaded
515,RF Mic Kit,515_RF-Mic-Kit.jpg,downloaded
754,RF Venue,754_RF-Venue.jpeg,downloaded
96,RH45D Head,96_RH45D-Head.jpg,downloaded
275,ricVS,,no_photo
306,RIO 1608-D,306_RIO-1608-D.jpg,downloaded
277,Rio 1608-D2,277_Rio-1608-D2.jpg,downloaded
585,Rode Mic Kit,585_Rode-Mic-Kit.jpg,downloaded
423,ROI-HDMI,423_ROI-HDMI.jpg,downloaded
738,Room Alert 3E,,no_photo
690,RouterBOARD 260G-S,690_RouterBOARD-260G-S.jpg,downloaded
364,RP-F617-SDI,364_RP-F617-SDI.jpg,downloaded
180,RPS,180_RPS.jpg,downloaded
129,RS815RP+,129_RS815RP.png,downloaded
240,RT40RB Tripod,240_RT40RB-Tripod.png,downloaded
243,RT50B Tripod,243_RT50B-Tripod.png,downloaded
113,RTB6211D,113_RTB6211D.jpg,downloaded
790,RTS PH-1PT HEADSET,,no_photo
769,Rugby Rack,,no_photo
511,Samurai Blade,511_Samurai-Blade.jpg,downloaded
241,SC206,241_SC206.jpg,downloaded
260,Scanner,260_Scanner.jpg,downloaded
435,Scarlett Solo,435_Scarlett-Solo.jpg,downloaded
74,SCU 3100,74_SCU-3100.jpg,downloaded
502,SDI Fibre in waterproof case,,no_photo
454,SERV Pro,454_SERV-Pro.jpg,downloaded
548,Single Large LCD Case,548_Single-Large-LCD-Case.jpg,downloaded
684,Single Medium LCD Case,684_Single-Medium-LCD-Case.jpg,downloaded
608,SK 100 G4 Bodypack Transmitter,608_SK-100-G4-Bodypack-Transmitter.jpg,downloaded
606,SK 300 G3 Bodypack Transmitter,606_SK-300-G3-Bodypack-Transmitter.jpg,downloaded
345,SKB 4U Case,345_SKB-4U-Case.jpg,downloaded
369,SKB Case,369_SKB-Case.png,downloaded
285,SKM 100 G3,285_SKM-100-G3.jpg,downloaded
286,SKM 100 G4,286_SKM-100-G4.jpg,downloaded
284,SKM 300 G3,284_SKM-300-G3.jpg,downloaded
123,SKM 300 G4,123_SKM-300-G4.jpg,downloaded
436,SM58,436_SM58.jpg,downloaded
525,Small Case,525_Small-Case.jpg,downloaded
600,Small Studio Desk,600_Small-Studio-Desk.png,downloaded
63,SmartScope Duo 4K,63_SmartScope-Duo-4K.jpg,downloaded
647,Smart UPS X3000,,no_photo
215,Smart Videohub 16x16,215_Smart-Videohub-16x16.jpg,downloaded
71,Smart video hub 40x40,71_Smart-video-hub-40x40.jpg,downloaded
299,Smart VideoHub 40x40,299_Smart-VideoHub-40x40.jpg,downloaded
64,Smartview Duo,64_Smartview-Duo.jpg,downloaded
331,SmartView HD,331_SmartView-HD.png,downloaded
38,SMPTE BackBox,,no_photo
48,SMPTE Power Supply,,no_photo
133,SMX1500LCD,133_SMX1500LCD.png,downloaded
504,SNA-600,504_SNA-600.jpg,downloaded
264,Snapbag,264_Snapbag.jpg,downloaded
385,Soft Mixer Case,385_Soft-Mixer-Case.jpg,downloaded
766,Solid state logic madi bridge,766_Solid-state-logic-madi-bridge.jpeg,downloaded
342,Sound Devices 302,342_Sound-Devices-302.jpg,downloaded
519,Sound Level Meter,519_Sound-Level-Meter.jpg,downloaded
616,Spotlight Mount,616_Spotlight-Mount.jpg,downloaded
547,SpotOn PC,547_SpotOn-PC.jpg,downloaded
704,SQN-5S,704_SQN-5S.jpg,downloaded
356,SR 300 IEM,356_SR-300-IEM.jpeg,downloaded
32,SRD-92B,32_SRD-92B.jpg,downloaded
131,SR IEM G4,131_SR-IEM-G4.jpg,downloaded
479,SRW2008P,479_SRW2008P.jpg,downloaded
612,SSD & Timecode 1200 Case,612_SSD--Timecode-1200-Case.jpg,downloaded
727,Starlink HP Flat,727_Starlink-HP-Flat.png,downloaded
725,Starlink Mini,725_Starlink-Mini.png,downloaded
338,Starlink Roam,338_Starlink-Roam.jpg,downloaded
726,Starlink Standard Gen 3,726_Starlink-Standard-Gen-3.png,downloaded
589,Steady Cam Kit,589_Steady-Cam-Kit.png,downloaded
334,Storm Case iM2075,334_Storm-Case-iM2075.jpg,downloaded
392,Stream Deck 15,392_Stream-Deck-15.jpg,downloaded
698,Streamdeck Studio,698_Streamdeck-Studio.jpg,downloaded
583,Streamhub Ultra 4K 1U,583_Streamhub-Ultra-4K-1U.jpg,downloaded
189,Studio Camera 2,189_Studio-Camera-2.jpg,downloaded
601,Studio Desk Pod,601_Studio-Desk-Pod.png,downloaded
104,Studio Equipment Stand Slider,104_Studio-Equipment-Stand-Slider.jpg,downloaded
52,Studio Fiber Converter,52_Studio-Fiber-Converter.jpg,downloaded
455,Studio Flight Case (16U),455_Studio-Flight-Case-16U.jpg,downloaded
467,Studio Videohub,467_Studio-Videohub.jpg,downloaded
160,Studio Viewfinder,160_Studio-Viewfinder.jpg,downloaded
675,STW 6000,675_STW-6000.jpg,downloaded
786,Sure Fist Mic,,no_photo
472,SW40010-G-POE,472_SW40010-G-POE.jpg,downloaded
689,SW8 HDMI Switcher,689_SW8-HDMI-Switcher.jpg,downloaded
188,Switch 16,188_Switch-16.jpg,downloaded
488,SX Tester,488_SX-Tester.jpg,downloaded
744,Sync-it,744_Sync-it.jpeg,downloaded
142,System Camera,142_System-Camera.jpeg,downloaded
586,T1000 Wireless Talkback Kit,586_T1000-Wireless-Talkback-Kit.jpg,downloaded
707,T120 LED Panel light,707_T120-LED-Panel-light.jpg,downloaded
276,T1500G-10ps,276_T1500G-10ps.jpg,downloaded
132,T1600G-28PS,132_T1600G-28PS.png,downloaded
218,T1600G-28TS,218_T1600G-28TS.jpeg,downloaded
671,T16 Rack,,no_photo
603,T2.2/65mm Cinema Lens,603_T2.265mm-Cinema-Lens.jpg,downloaded
462,Tactical XP Headset,462_Tactical-XP-Headset.jpg,downloaded
170,Tallyman TM1+ MK2,170_Tallyman-TM1-MK2.jpeg,downloaded
604,Tamron C001 Lens,604_Tamron-C001-Lens.jpg,downloaded
575,TB 312 S,575_TB-312-S.png,downloaded
564,TB7100,564_TB7100.png,downloaded
613,TC-1,613_TC-1.jpg,downloaded
780,TC Electronic Level Pilot X Volume Controller,,no_photo
365,Tender,365_Tender.jpg,downloaded
194,Teranex AV,194_Teranex-AV.jpg,downloaded
271,Teranex Express,271_Teranex-Express.jfif,downloaded
209,Teranex Mini Audio to SDI 12G,209_Teranex-Mini-Audio-to-SDI-12G.jpg,downloaded
76,Testa,76_Testa.jpg,downloaded
545,TF1 Flight Case,545_TF1-Flight-Case.jpg,downloaded
221,TF1 Mixing Console,221_TF1-Mixing-Console.jpg,downloaded
350,Tio 1608-D,350_Tio-1608-D.jpg,downloaded
150,Tio608-D,150_Tio608-D.jpg,downloaded
97,TK13,97_TK13.jpg,downloaded
266,TK-E1HG/P,266_TK-E1HGP.jpg,downloaded
474,TLC200 Time Lapse Camera,474_TLC200-Time-Lapse-Camera.jpg,downloaded
478,TLM-170H,478_TLM-170H.jpg,downloaded
466,TL-MCRP100,466_TL-MCRP100.jpg,downloaded
670,TL-SG1005LP,670_TL-SG1005LP.jpg,downloaded
650,TL-SG1008P,650_TL-SG1008P.jpg,downloaded
219,TL-SG1016,219_TL-SG1016.jpg,downloaded
416,TL-SG108,416_TL-SG108.jpg,downloaded
289,TL-SG 108,289_TL-SG-108.jpg,downloaded
415,TL-SG108PE,415_TL-SG108PE.jpg,downloaded
198,TMCP 16,198_TMCP-16.png,downloaded
191,TMCP 32,191_TMCP-32.png,downloaded
192,TMCP 48,192_TMCP-48.png,downloaded
347,TOC/Fiber Distribution Stage Box,347_TOCFiber-Distribution-Stage-Box.jpg,downloaded
346,TOC Peli,346_TOC-Peli.jpg,downloaded
765,TP Link TL-SG1005P,765_TP-Link-TL-SG1005P.jpeg,downloaded
516,Type 3000 Case,516_Type-3000-Case.jpg,downloaded
438,UAP Nano HD,438_UAP-Nano-HD.jpg,downloaded
751,ubiquiti,751_ubiquiti.jpeg,downloaded
134,UCK G2 Plus,134_UCK-G2-Plus.png,downloaded
668,UDM Pro,668_UDM-Pro.jpg,downloaded
182,UDM-SE,182_UDM-SE.jpg,downloaded
640,UE22k5000AK,640_UE22k5000AK.jpg,downloaded
561,UHF/2-400 Antenna,561_UHF2-400-Antenna.jpg,downloaded
154,Ultramatch Pro SRC2496,154_Ultramatch-Pro-SRC2496.jpg,downloaded
228,UltraReceiver LD,228_UltraReceiver-LD.png,downloaded
734,UltraStudio Express,734_UltraStudio-Express.png,downloaded
394,UltraStudio Mini Recorder,394_UltraStudio-Mini-Recorder.jpg,downloaded
396,UltraStudio Recorder 3g,396_UltraStudio-Recorder-3g.jpg,downloaded
483,Ultrazone ZMX8210,483_Ultrazone-ZMX8210.jpg,downloaded
420,UMC-GA1F1T,420_UMC-GA1F1T.jpg,downloaded
596,UMC-GA1F2T,596_UMC-GA1F2T.jpg,downloaded
202,UMD-D16C,202_UMD-D16C.png,downloaded
200,UND32,200_UND32.jpeg,downloaded
685,Unifi AP AC Lite,685_Unifi-AP-AC-Lite.jpg,downloaded
303,UniFi Express,303_UniFi-Express.jpg,downloaded
750,Unifi U6 Lite,750_Unifi-U6-Lite.jpeg,downloaded
175,Universal Videohub 288,175_Universal-Videohub-288.jpg,downloaded
267,Universal Videohub 288 Crosspoint card,267_Universal-Videohub-288-Crosspoint-card.png,downloaded
270,Universal Videohub Optical Interface,270_Universal-Videohub-Optical-Interface.png,downloaded
174,Universal Videohub Power Supply,174_Universal-Videohub-Power-Supply.jpg,downloaded
269,Universal Videohub SDI Interface card,269_Universal-Videohub-SDI-Interface-card.png,downloaded
377,U-Phoria UMC202HD,377_U-Phoria-UMC202HD.jpg,downloaded
65,URSA Broadcast G1,65_URSA-Broadcast-G1.jpg,downloaded
7,URSA Broadcast G2,7_URSA-Broadcast-G2.jpg,downloaded
282,URSA EF Lens Mount,282_URSA-EF-Lens-Mount.jpg,downloaded
29,URSA Studio Viewfinder,29_URSA-Studio-Viewfinder.png,downloaded
677,URX-S03D Diversity Tuner,677_URX-S03D-Diversity-Tuner.jpg,downloaded
469,US-48-500W,469_US-48-500W.jpg,downloaded
220,US-48-750W,220_US-48-750W.jpg,downloaded
130,US 4x4,130_US-4x4.jpg,downloaded
592,USB JOYSTICK - ASKB06,592_USB-JOYSTICK---ASKB06.jpg,downloaded
216,USG-Pro-4,216_USG-Pro-4.jpg,downloaded
135,USW 16 PoE,135_USW-16-PoE.png,downloaded
136,USW 24,136_USW-24.png,downloaded
648,USW 24 POE,,no_photo
137,USW Aggregation,137_USW-Aggregation.png,downloaded
304,USW-Lite-8-POE (52W),304_USW-Lite-8-POE-52W.png,downloaded
138,USW Pro 24 PoE,138_USW-Pro-24-PoE.jpeg,downloaded
227,USW-Pro-48,227_USW-Pro-48.jpg,downloaded
656,USW Pro 8 PoE,656_USW-Pro-8-PoE.jpeg,downloaded
272,USW Pro Aggregation,272_USW-Pro-Aggregation.png,downloaded
678,UTX-MO3 Handheld Mic,678_UTX-MO3-Handheld-Mic.jpg,downloaded
140,UXG Pro,140_UXG-Pro.png,downloaded
774,V16 LDM,774_V16-LDM.jpg,downloaded
534,V-401A.05 - EBU Option Fitted,534_V-401A.05---EBU-Option-Fitted.png,downloaded
326,VDA-1002,326_VDA-1002.jpg,downloaded
553,VFM-056W,553_VFM-056W.jpg,downloaded
35,Video 18 S1,35_Video-18-S1.jpg,downloaded
431,Video Assist,431_Video-Assist.jpg,downloaded
217,Videohub Master Control,217_Videohub-Master-Control.jpeg,downloaded
646,Videohub Master Control Pro,646_Videohub-Master-Control-Pro.jpg,downloaded
353,Video Stagebox (3u),353_Video-Stagebox-3u.jpg,downloaded
448,Videotek Compact Monitor,448_Videotek-Compact-Monitor.jpg,downloaded
395,VidiU,395_VidiU.jpg,downloaded
381,VidiU-Pro,381_VidiU-Pro.jpg,downloaded
733,Vigor2860,733_Vigor2860.png,downloaded
79,Vigor2926ac,79_Vigor2926ac.jpg,downloaded
300,Vision Rack (12u),300_Vision-Rack-12u.jpg,downloaded
167,Vittoria,167_Vittoria.jpeg,downloaded
158,VL-175H,158_VL-175H.jpg,downloaded
485,VL-200T Light Panel Kit,485_VL-200T-Light-Panel-Kit.jpg,downloaded
443,VL-2 Plus,443_VL-2-Plus.jpg,downloaded
159,VL-2X2C,159_VL-2X2C.jpg,downloaded
253,VL-4X4 Charger,253_VL-4X4-Charger.jpg,downloaded
252,VL90HP,252_VL90HP.jpg,downloaded
653,V-LCD 171MD,653_V-LCD-171MD.jpg,downloaded
531,VL-M150,531_VL-M150.png,downloaded
256,VL-MX4,256_VL-MX4.jpg,downloaded
265,V-lok Kit 1,265_V-lok-Kit-1.png,downloaded
251,V-lok Kit 2,,no_photo
255,V-lok Kit 3,,no_photo
165,vMix 001 PC,,no_photo
36,VTC Adapter,36_VTC-Adapter.jpg,downloaded
623,VZ-MC100,623_VZ-MC100.jpg,downloaded
624,VZ-SnapCrane9-100 Ultimate 9' Crane,624_VZ-SnapCrane9-100-Ultimate-9-Crane.jpg,downloaded
403,WDM Media Converter Pair A,,no_photo
406,WDM Media Converter Pair B,,no_photo
317,Wheeled Flight Case with Drawers & Cushion,317_Wheeled-Flight-Case-with-Drawers--Cushion.jpg,downloaded
233,XA20sx8.5BERM-K3,233_XA20sx8.5BERM-K3.jpeg,downloaded
22,XA20sx8.5BRM-K3,22_XA20sx8.5BRM-K3.jpg,downloaded
247,X AIR XR12,247_X-AIR-XR12.png,downloaded
433,XC8,433_XC8.jpg,downloaded
563,XDIP-PoE,563_XDIP-PoE.jpg,downloaded
164,Xfile 3,164_Xfile-3.jpg,downloaded
546,X File Peli Case,546_X-File-Peli-Case.jpg,downloaded
709,XLR-Patch 8 Port CAT5/XLR,709_XLR-Patch-8-Port-CAT5XLR.jpg,downloaded
732,XLR SIP Codec ‘Zero’,732_XLR-SIP-Codec-Zero.jpg,downloaded
89,XLR Touch,89_XLR-Touch.jpg,downloaded
302,XPS 17 (9700),302_XPS-17-9700.Jpg,downloaded
522,XPS Laptop,522_XPS-Laptop.jpg,downloaded
163,XT-Go,163_XT-Go.png,downloaded
459,X-Touch,459_X-Touch.jpg,downloaded
187,XVM-175W,187_XVM-175W.jpeg,downloaded
378,Yellobrik CHD 1812,378_Yellobrik-CHD-1812.jpg,downloaded
100,Yellobrik ORR 1802,100_Yellobrik-ORR-1802.jpg,downloaded
445,Yellobrik ORX 1802,445_Yellobrik-ORX-1802.png,downloaded
595,Yellobrik OTR 1810,595_Yellobrik-OTR-1810.jpg,downloaded
101,Yellobrik OTT 1842,101_Yellobrik-OTT-1842.jpg,downloaded
102,Yellobrik OTX 1842,102_Yellobrik-OTX-1842.jpg,downloaded
141,YellowBrik SPG-1707,141_YellowBrik-SPG-1707.jpg,downloaded
25,Zoom Demand,25_Zoom-Demand.jpg,downloaded
17,ZSD-300D,17_ZSD-300D.jpg,downloaded
